station_id,depth_cm,depth_num,total_rows,missing_count,non_missing_count,missing_rate,missing_rate_percent,source_csv
BC+,5cm,5,195793,135425,60368,0.6916743703809636,69.16743703809635,SM_NQ-30-minutes_05cm.csv
BC02,5cm,5,195793,17378,178415,0.08875700357009698,8.875700357009698,SM_NQ-30-minutes_05cm.csv
BC03,5cm,5,195793,1127,194666,0.005756079124381362,0.5756079124381361,SM_NQ-30-minutes_05cm.csv
BC04,5cm,5,195793,1523,194270,0.0077786233419989475,0.7778623341998947,SM_NQ-30-minutes_05cm.csv
BC05,5cm,5,195793,16165,179628,0.08256168504491988,8.256168504491988,SM_NQ-30-minutes_05cm.csv
BC06,5cm,5,195793,24722,171071,0.12626600542409586,12.626600542409586,SM_NQ-30-minutes_05cm.csv
BC07,5cm,5,195793,23591,172202,0.1204894965601426,12.04894965601426,SM_NQ-30-minutes_05cm.csv
BC08,5cm,5,195793,1121,194672,0.00572543451502352,0.572543451502352,SM_NQ-30-minutes_05cm.csv
C1,5cm,5,195793,17239,178554,0.08804707011997365,8.804707011997365,SM_NQ-30-minutes_05cm.csv
C2,5cm,5,195793,39574,156219,0.20212162845454126,20.212162845454127,SM_NQ-30-minutes_05cm.csv
C3,5cm,5,195793,51733,144060,0.2642229293182085,26.422292931820852,SM_NQ-30-minutes_05cm.csv
C4,5cm,5,195793,44185,151608,0.225672010746043,22.567201074604302,SM_NQ-30-minutes_05cm.csv
CD01,5cm,5,195793,9383,186410,0.04792306160077225,4.792306160077224,SM_NQ-30-minutes_05cm.csv
CD02,5cm,5,195793,46451,149342,0.23724545821352142,23.72454582135214,SM_NQ-30-minutes_05cm.csv
CD03,5cm,5,195793,39250,156543,0.2004668195492178,20.04668195492178,SM_NQ-30-minutes_05cm.csv
CD04,5cm,5,195793,133802,61991,0.6833850035496672,68.33850035496673,SM_NQ-30-minutes_05cm.csv
CD05,5cm,5,195793,75522,120271,0.3857236979871599,38.57236979871599,SM_NQ-30-minutes_05cm.csv
CD06,5cm,5,195793,117002,78791,0.597580097347709,59.7580097347709,SM_NQ-30-minutes_05cm.csv
CD07,5cm,5,195793,22968,172825,0.11730756462181999,11.730756462181999,SM_NQ-30-minutes_05cm.csv
F1,5cm,5,195793,114883,80910,0.5867574428094978,58.67574428094978,SM_NQ-30-minutes_05cm.csv
F2,5cm,5,195793,51346,144447,0.2622463520146277,26.22463520146277,SM_NQ-30-minutes_05cm.csv
F3,5cm,5,195793,37538,158255,0.19172289101244683,19.172289101244683,SM_NQ-30-minutes_05cm.csv
F4,5cm,5,195793,33980,161813,0.17355063766324638,17.355063766324637,SM_NQ-30-minutes_05cm.csv
F5,5cm,5,195793,34477,161316,0.1760890328050543,17.60890328050543,SM_NQ-30-minutes_05cm.csv
MS3475,5cm,5,195793,51823,143970,0.26468259845857617,26.468259845857617,SM_NQ-30-minutes_05cm.csv
MS3482,5cm,5,195793,15348,180445,0.07838891073736037,7.838891073736037,SM_NQ-30-minutes_05cm.csv
MS3488,5cm,5,195793,24372,171421,0.12447840321155507,12.447840321155507,SM_NQ-30-minutes_05cm.csv
MS3494,5cm,5,195793,1025,194768,0.005235120765298045,0.5235120765298045,SM_NQ-30-minutes_05cm.csv
MS3501,5cm,5,195793,27019,168774,0.13799778337325644,13.799778337325645,SM_NQ-30-minutes_05cm.csv
MS3506,5cm,5,195793,85581,110212,0.43709938557558237,43.70993855755824,SM_NQ-30-minutes_05cm.csv
MS3513,5cm,5,195793,3510,192283,0.017927096474337694,1.7927096474337694,SM_NQ-30-minutes_05cm.csv
MS3518,5cm,5,195793,980,194813,0.005005286195114228,0.5005286195114228,SM_NQ-30-minutes_05cm.csv
MS3523,5cm,5,195793,994,194799,0.005076790283615859,0.507679028361586,SM_NQ-30-minutes_05cm.csv
MS3527,5cm,5,195793,5085,190708,0.025971306430771272,2.597130643077127,SM_NQ-30-minutes_05cm.csv
MS3533,5cm,5,195793,975,194818,0.004979749020649359,0.49797490206493594,SM_NQ-30-minutes_05cm.csv
MS3545,5cm,5,195793,83556,112237,0.4267568299173106,42.675682991731065,SM_NQ-30-minutes_05cm.csv
MS3552,5cm,5,195793,75472,120321,0.3854683262425112,38.546832624251124,SM_NQ-30-minutes_05cm.csv
MS3559,5cm,5,195793,70967,124826,0.3624593320496647,36.24593320496647,SM_NQ-30-minutes_05cm.csv
MS3576,5cm,5,195793,18528,177265,0.09463055369701674,9.463055369701674,SM_NQ-30-minutes_05cm.csv
MS3593,5cm,5,195793,105360,90433,0.5381193403237092,53.81193403237092,SM_NQ-30-minutes_05cm.csv
MS3603,5cm,5,195793,958,194835,0.004892922627468806,0.4892922627468806,SM_NQ-30-minutes_05cm.csv
MS3614,5cm,5,195793,7921,187872,0.04045599178724469,4.045599178724469,SM_NQ-30-minutes_05cm.csv
MS3620,5cm,5,195793,16713,179080,0.08536055936626948,8.536055936626948,SM_NQ-30-minutes_05cm.csv
MS3627,5cm,5,195793,957,194836,0.004887815192575832,0.48878151925758323,SM_NQ-30-minutes_05cm.csv
MS3633,5cm,5,195793,42600,153193,0.21757672644067969,21.75767264406797,SM_NQ-30-minutes_05cm.csv
MSBJ,5cm,5,195793,13416,182377,0.06852134652413519,6.852134652413519,SM_NQ-30-minutes_05cm.csv
MSNQRW,5cm,5,195793,17129,178664,0.08748525228174654,8.748525228174655,SM_NQ-30-minutes_05cm.csv
P1,5cm,5,195793,28835,166958,0.1472728851388967,14.727288513889668,SM_NQ-30-minutes_05cm.csv
P10,5cm,5,195793,28151,167642,0.14377939967210268,14.377939967210269,SM_NQ-30-minutes_05cm.csv
P11,5cm,5,195793,30719,165074,0.15689529247725914,15.689529247725915,SM_NQ-30-minutes_05cm.csv
P2,5cm,5,195793,35387,160406,0.1807367985576604,18.073679855766038,SM_NQ-30-minutes_05cm.csv
P3,5cm,5,195793,137397,58396,0.7017462319899077,70.17462319899077,SM_NQ-30-minutes_05cm.csv
P5,5cm,5,195793,97685,98108,0.49891977752013605,49.8919777520136,SM_NQ-30-minutes_05cm.csv
P7,5cm,5,195793,43324,152469,0.22127450930319265,22.127450930319263,SM_NQ-30-minutes_05cm.csv
P8,5cm,5,195793,60907,134886,0.31107853702634924,31.107853702634923,SM_NQ-30-minutes_05cm.csv
P9,5cm,5,195793,76303,119490,0.3897126046385724,38.971260463857234,SM_NQ-30-minutes_05cm.csv
BC+,10cm,10,195793,134884,60909,0.6889112481038648,68.89112481038649,SM_NQ-30-minutes_10cm.csv
BC02,10cm,10,195793,21324,174469,0.10891094165777122,10.891094165777123,SM_NQ-30-minutes_10cm.csv
BC03,10cm,10,195793,1127,194666,0.005756079124381362,0.5756079124381361,SM_NQ-30-minutes_10cm.csv
BC04,10cm,10,195793,22182,173611,0.11329312079594266,11.329312079594265,SM_NQ-30-minutes_10cm.csv
BC05,10cm,10,195793,12128,183665,0.061942970381985055,6.194297038198505,SM_NQ-30-minutes_10cm.csv
BC06,10cm,10,195793,24731,171062,0.12631197233813263,12.631197233813262,SM_NQ-30-minutes_10cm.csv
BC07,10cm,10,195793,52066,143727,0.26592370513756874,26.592370513756876,SM_NQ-30-minutes_10cm.csv
BC08,10cm,10,195793,69632,126161,0.3556409064675448,35.56409064675448,SM_NQ-30-minutes_10cm.csv
C1,10cm,10,195793,17239,178554,0.08804707011997365,8.804707011997365,SM_NQ-30-minutes_10cm.csv
C2,10cm,10,195793,57329,138464,0.29280413497928937,29.280413497928937,SM_NQ-30-minutes_10cm.csv
C3,10cm,10,195793,51733,144060,0.2642229293182085,26.422292931820852,SM_NQ-30-minutes_10cm.csv
C4,10cm,10,195793,31345,164448,0.1600925467202607,16.009254672026067,SM_NQ-30-minutes_10cm.csv
CD01,10cm,10,195793,61702,134091,0.31513894776626333,31.513894776626334,SM_NQ-30-minutes_10cm.csv
CD02,10cm,10,195793,15245,180548,0.07786284494338408,7.786284494338408,SM_NQ-30-minutes_10cm.csv
CD03,10cm,10,195793,56334,139459,0.2877222372607805,28.77222372607805,SM_NQ-30-minutes_10cm.csv
CD04,10cm,10,195793,133784,62009,0.6832930697215938,68.32930697215937,SM_NQ-30-minutes_10cm.csv
CD05,10cm,10,195793,75522,120271,0.3857236979871599,38.57236979871599,SM_NQ-30-minutes_10cm.csv
CD06,10cm,10,195793,117002,78791,0.597580097347709,59.7580097347709,SM_NQ-30-minutes_10cm.csv
CD07,10cm,10,195793,43212,152581,0.2207024765951796,22.07024765951796,SM_NQ-30-minutes_10cm.csv
F1,10cm,10,195793,114883,80910,0.5867574428094978,58.67574428094978,SM_NQ-30-minutes_10cm.csv
F2,10cm,10,195793,49389,146404,0.2522511019290782,25.225110192907817,SM_NQ-30-minutes_10cm.csv
F3,10cm,10,195793,49023,146770,0.2503817807582498,25.03817807582498,SM_NQ-30-minutes_10cm.csv
F4,10cm,10,195793,33980,161813,0.17355063766324638,17.355063766324637,SM_NQ-30-minutes_10cm.csv
F5,10cm,10,195793,34740,161053,0.1774322881819064,17.74322881819064,SM_NQ-30-minutes_10cm.csv
MS3475,10cm,10,195793,21163,174630,0.10808864464000245,10.808864464000244,SM_NQ-30-minutes_10cm.csv
MS3482,10cm,10,195793,15511,180282,0.07922142262491509,7.922142262491509,SM_NQ-30-minutes_10cm.csv
MS3488,10cm,10,195793,6945,188848,0.03547113533170236,3.547113533170236,SM_NQ-30-minutes_10cm.csv
MS3494,10cm,10,195793,17737,178056,0.09059057269667455,9.059057269667454,SM_NQ-30-minutes_10cm.csv
MS3501,10cm,10,195793,27019,168774,0.13799778337325644,13.799778337325645,SM_NQ-30-minutes_10cm.csv
MS3506,10cm,10,195793,45654,150139,0.23317483260382138,23.317483260382136,SM_NQ-30-minutes_10cm.csv
MS3513,10cm,10,195793,1215,194578,0.006205533394963048,0.6205533394963048,SM_NQ-30-minutes_10cm.csv
MS3518,10cm,10,195793,980,194813,0.005005286195114228,0.5005286195114228,SM_NQ-30-minutes_10cm.csv
MS3523,10cm,10,195793,48805,146988,0.24926835995158153,24.926835995158154,SM_NQ-30-minutes_10cm.csv
MS3527,10cm,10,195793,17785,178008,0.0908357295715373,9.083572957153729,SM_NQ-30-minutes_10cm.csv
MS3533,10cm,10,195793,975,194818,0.004979749020649359,0.49797490206493594,SM_NQ-30-minutes_10cm.csv
MS3545,10cm,10,195793,109073,86720,0.5570832460813205,55.70832460813205,SM_NQ-30-minutes_10cm.csv
MS3552,10cm,10,195793,75472,120321,0.3854683262425112,38.546832624251124,SM_NQ-30-minutes_10cm.csv
MS3559,10cm,10,195793,70400,125393,0.3595634164653486,35.95634164653486,SM_NQ-30-minutes_10cm.csv
MS3576,10cm,10,195793,18528,177265,0.09463055369701674,9.463055369701674,SM_NQ-30-minutes_10cm.csv
MS3593,10cm,10,195793,92047,103746,0.47012405959355036,47.012405959355036,SM_NQ-30-minutes_10cm.csv
MS3603,10cm,10,195793,13149,182644,0.0671576614077112,6.71576614077112,SM_NQ-30-minutes_10cm.csv
MS3614,10cm,10,195793,1841,193952,0.009402787637964585,0.9402787637964585,SM_NQ-30-minutes_10cm.csv
MS3620,10cm,10,195793,48455,147338,0.2474807577390407,24.74807577390407,SM_NQ-30-minutes_10cm.csv
MS3627,10cm,10,195793,957,194836,0.004887815192575832,0.48878151925758323,SM_NQ-30-minutes_10cm.csv
MS3633,10cm,10,195793,42621,153172,0.21768398257343213,21.768398257343215,SM_NQ-30-minutes_10cm.csv
MSBJ,10cm,10,195793,13962,181831,0.07131000597569882,7.131000597569883,SM_NQ-30-minutes_10cm.csv
MSNQRW,10cm,10,195793,959,194834,0.00489803006236178,0.489803006236178,SM_NQ-30-minutes_10cm.csv
P1,10cm,10,195793,64930,130863,0.33162574760078245,33.16257476007824,SM_NQ-30-minutes_10cm.csv
P10,10cm,10,195793,28151,167642,0.14377939967210268,14.377939967210269,SM_NQ-30-minutes_10cm.csv
P11,10cm,10,195793,26224,169569,0.13393737263334235,13.393737263334234,SM_NQ-30-minutes_10cm.csv
P2,10cm,10,195793,21699,174094,0.11082622974263635,11.082622974263636,SM_NQ-30-minutes_10cm.csv
P3,10cm,10,195793,181796,13997,0.9285112338030471,92.85112338030471,SM_NQ-30-minutes_10cm.csv
P5,10cm,10,195793,102580,93213,0.5239206713212423,52.39206713212423,SM_NQ-30-minutes_10cm.csv
P7,10cm,10,195793,23617,172176,0.12062228986735991,12.062228986735992,SM_NQ-30-minutes_10cm.csv
P8,10cm,10,195793,66505,129288,0.339669957557216,33.966995755721605,SM_NQ-30-minutes_10cm.csv
P9,10cm,10,195793,103906,91887,0.5306931299893255,53.06931299893255,SM_NQ-30-minutes_10cm.csv
BC+,20cm,20,195793,134884,60909,0.6889112481038648,68.89112481038649,SM_NQ-30-minutes_20cm.csv
BC02,20cm,20,195793,17378,178415,0.08875700357009698,8.875700357009698,SM_NQ-30-minutes_20cm.csv
BC03,20cm,20,195793,195793,0,1.0,100.0,SM_NQ-30-minutes_20cm.csv
BC04,20cm,20,195793,19218,176575,0.0981546837731686,9.815468377316861,SM_NQ-30-minutes_20cm.csv
BC05,20cm,20,195793,7095,188698,0.036237250565648416,3.6237250565648416,SM_NQ-30-minutes_20cm.csv
BC06,20cm,20,195793,31961,163832,0.16323872661433247,16.32387266143325,SM_NQ-30-minutes_20cm.csv
BC07,20cm,20,195793,58122,137671,0.2968543308494175,29.68543308494175,SM_NQ-30-minutes_20cm.csv
BC08,20cm,20,195793,1121,194672,0.00572543451502352,0.572543451502352,SM_NQ-30-minutes_20cm.csv
C1,20cm,20,195793,23142,172651,0.11819625829319741,11.81962582931974,SM_NQ-30-minutes_20cm.csv
C2,20cm,20,195793,49288,146505,0.2517352510048878,25.17352510048878,SM_NQ-30-minutes_20cm.csv
C3,20cm,20,195793,74404,121389,0.3800135857768153,38.00135857768153,SM_NQ-30-minutes_20cm.csv
C4,20cm,20,195793,31345,164448,0.1600925467202607,16.009254672026067,SM_NQ-30-minutes_20cm.csv
CD01,20cm,20,195793,62788,133005,0.3206856220600328,32.06856220600328,SM_NQ-30-minutes_20cm.csv
CD02,20cm,20,195793,23699,172094,0.12104109952858376,12.104109952858376,SM_NQ-30-minutes_20cm.csv
CD03,20cm,20,195793,46644,149149,0.23823119314786534,23.823119314786535,SM_NQ-30-minutes_20cm.csv
CD04,20cm,20,195793,133694,62099,0.6828334005812261,68.2833400581226,SM_NQ-30-minutes_20cm.csv
CD05,20cm,20,195793,75522,120271,0.3857236979871599,38.57236979871599,SM_NQ-30-minutes_20cm.csv
CD06,20cm,20,195793,117002,78791,0.597580097347709,59.7580097347709,SM_NQ-30-minutes_20cm.csv
CD07,20cm,20,195793,23236,172557,0.11867635717313693,11.867635717313693,SM_NQ-30-minutes_20cm.csv
F1,20cm,20,195793,122477,73316,0.62554330338674,62.554330338674,SM_NQ-30-minutes_20cm.csv
F2,20cm,20,195793,49766,146027,0.25417660488372923,25.417660488372924,SM_NQ-30-minutes_20cm.csv
F3,20cm,20,195793,50311,145482,0.2569601569003999,25.696015690039992,SM_NQ-30-minutes_20cm.csv
F4,20cm,20,195793,33980,161813,0.17355063766324638,17.355063766324637,SM_NQ-30-minutes_20cm.csv
F5,20cm,20,195793,34477,161316,0.1760890328050543,17.60890328050543,SM_NQ-30-minutes_20cm.csv
MS3475,20cm,20,195793,65514,130279,0.3346084895782791,33.46084895782791,SM_NQ-30-minutes_20cm.csv
MS3482,20cm,20,195793,30721,165072,0.1569055073470451,15.690550734704509,SM_NQ-30-minutes_20cm.csv
MS3488,20cm,20,195793,6945,188848,0.03547113533170236,3.547113533170236,SM_NQ-30-minutes_20cm.csv
MS3494,20cm,20,195793,15542,180251,0.07937975310659727,7.937975310659727,SM_NQ-30-minutes_20cm.csv
MS3501,20cm,20,195793,27019,168774,0.13799778337325644,13.799778337325645,SM_NQ-30-minutes_20cm.csv
MS3506,20cm,20,195793,85456,110337,0.43646095621396064,43.646095621396064,SM_NQ-30-minutes_20cm.csv
MS3513,20cm,20,195793,4930,190863,0.02517965402236035,2.517965402236035,SM_NQ-30-minutes_20cm.csv
MS3518,20cm,20,195793,980,194813,0.005005286195114228,0.5005286195114228,SM_NQ-30-minutes_20cm.csv
MS3523,20cm,20,195793,7060,188733,0.03605849034439434,3.6058490344394336,SM_NQ-30-minutes_20cm.csv
MS3527,20cm,20,195793,195793,0,1.0,100.0,SM_NQ-30-minutes_20cm.csv
MS3533,20cm,20,195793,30836,164957,0.15749286235973706,15.749286235973706,SM_NQ-30-minutes_20cm.csv
MS3545,20cm,20,195793,77553,118240,0.3960968982547895,39.60968982547895,SM_NQ-30-minutes_20cm.csv
MS3552,20cm,20,195793,75472,120321,0.3854683262425112,38.546832624251124,SM_NQ-30-minutes_20cm.csv
MS3559,20cm,20,195793,75521,120272,0.3857185905522669,38.571859055226696,SM_NQ-30-minutes_20cm.csv
MS3576,20cm,20,195793,51542,144251,0.26324740925365053,26.324740925365052,SM_NQ-30-minutes_20cm.csv
MS3593,20cm,20,195793,92343,103450,0.47163586032187055,47.163586032187055,SM_NQ-30-minutes_20cm.csv
MS3603,20cm,20,195793,26729,169064,0.1365166272542941,13.651662725429409,SM_NQ-30-minutes_20cm.csv
MS3614,20cm,20,195793,957,194836,0.004887815192575832,0.48878151925758323,SM_NQ-30-minutes_20cm.csv
MS3620,20cm,20,195793,34227,161566,0.17481217408181088,17.481217408181088,SM_NQ-30-minutes_20cm.csv
MS3627,20cm,20,195793,957,194836,0.004887815192575832,0.48878151925758323,SM_NQ-30-minutes_20cm.csv
MS3633,20cm,20,195793,49534,146259,0.25299167998855937,25.299167998855935,SM_NQ-30-minutes_20cm.csv
MSBJ,20cm,20,195793,33175,162618,0.16943915257440256,16.943915257440256,SM_NQ-30-minutes_20cm.csv
MSNQRW,20cm,20,195793,102671,93122,0.524385447896503,52.4385447896503,SM_NQ-30-minutes_20cm.csv
P1,20cm,20,195793,123658,72135,0.6315751839953421,63.157518399534204,SM_NQ-30-minutes_20cm.csv
P10,20cm,20,195793,28151,167642,0.14377939967210268,14.377939967210269,SM_NQ-30-minutes_20cm.csv
P11,20cm,20,195793,26224,169569,0.13393737263334235,13.393737263334234,SM_NQ-30-minutes_20cm.csv
P2,20cm,20,195793,26976,168817,0.13777816367285858,13.777816367285858,SM_NQ-30-minutes_20cm.csv
P3,20cm,20,195793,137397,58396,0.7017462319899077,70.17462319899077,SM_NQ-30-minutes_20cm.csv
P5,20cm,20,195793,94320,101473,0.48173325910527953,48.17332591052795,SM_NQ-30-minutes_20cm.csv
P7,20cm,20,195793,47713,148080,0.24369104104845424,24.369104104845423,SM_NQ-30-minutes_20cm.csv
P8,20cm,20,195793,91033,104760,0.464945120612075,46.4945120612075,SM_NQ-30-minutes_20cm.csv
P9,20cm,20,195793,110417,85376,0.5639476385774772,56.39476385774772,SM_NQ-30-minutes_20cm.csv
BC+,40cm,40,195793,134908,60885,0.6890338265412962,68.90338265412962,SM_NQ-30-minutes_40cm.csv
BC02,40cm,40,195793,47403,148390,0.2421077362316324,24.21077362316324,SM_NQ-30-minutes_40cm.csv
BC03,40cm,40,195793,195793,0,1.0,100.0,SM_NQ-30-minutes_40cm.csv
BC04,40cm,40,195793,17697,178096,0.0903862753009556,9.03862753009556,SM_NQ-30-minutes_40cm.csv
BC05,40cm,40,195793,38759,157034,0.1979590690167677,19.795906901676773,SM_NQ-30-minutes_40cm.csv
BC06,40cm,40,195793,24485,171308,0.1250555433544611,12.505554335446108,SM_NQ-30-minutes_40cm.csv
BC07,40cm,40,195793,64338,131455,0.328602146144142,32.860214614414204,SM_NQ-30-minutes_40cm.csv
BC08,40cm,40,195793,4925,190868,0.02515411684789548,2.515411684789548,SM_NQ-30-minutes_40cm.csv
C1,40cm,40,195793,17239,178554,0.08804707011997365,8.804707011997365,SM_NQ-30-minutes_40cm.csv
C2,40cm,40,195793,89723,106070,0.45825438090227943,45.82543809022794,SM_NQ-30-minutes_40cm.csv
C3,40cm,40,195793,118657,77136,0.6060329020955806,60.60329020955806,SM_NQ-30-minutes_40cm.csv
C4,40cm,40,195793,31437,164356,0.16056243073041426,16.056243073041426,SM_NQ-30-minutes_40cm.csv
CD01,40cm,40,195793,12407,183386,0.06336794471712472,6.336794471712472,SM_NQ-30-minutes_40cm.csv
CD02,40cm,40,195793,23709,172084,0.12109217387751349,12.109217387751348,SM_NQ-30-minutes_40cm.csv
CD03,40cm,40,195793,40033,155760,0.2044659410704162,20.446594107041623,SM_NQ-30-minutes_40cm.csv
CD04,40cm,40,195793,148956,46837,0.7607830719177907,76.07830719177907,SM_NQ-30-minutes_40cm.csv
CD05,40cm,40,195793,75522,120271,0.3857236979871599,38.57236979871599,SM_NQ-30-minutes_40cm.csv
CD06,40cm,40,195793,117002,78791,0.597580097347709,59.7580097347709,SM_NQ-30-minutes_40cm.csv
CD07,40cm,40,195793,176832,18961,0.9031579269943256,90.31579269943256,SM_NQ-30-minutes_40cm.csv
F1,40cm,40,195793,195793,0,1.0,100.0,SM_NQ-30-minutes_40cm.csv
F2,40cm,40,195793,53605,142188,0.2737840474378553,27.378404743785527,SM_NQ-30-minutes_40cm.csv
F3,40cm,40,195793,118673,77120,0.6061146210538682,60.61146210538681,SM_NQ-30-minutes_40cm.csv
F4,40cm,40,195793,33980,161813,0.17355063766324638,17.355063766324637,SM_NQ-30-minutes_40cm.csv
F5,40cm,40,195793,71117,124676,0.3632254472836107,36.32254472836107,SM_NQ-30-minutes_40cm.csv
MS3475,40cm,40,195793,23888,171905,0.12200640472335579,12.200640472335579,SM_NQ-30-minutes_40cm.csv
MS3482,40cm,40,195793,15348,180445,0.07838891073736037,7.838891073736037,SM_NQ-30-minutes_40cm.csv
MS3488,40cm,40,195793,6945,188848,0.03547113533170236,3.547113533170236,SM_NQ-30-minutes_40cm.csv
MS3494,40cm,40,195793,52007,143786,0.2656223664788833,26.562236647888334,SM_NQ-30-minutes_40cm.csv
MS3501,40cm,40,195793,27290,168503,0.13938189822925232,13.938189822925231,SM_NQ-30-minutes_40cm.csv
MS3506,40cm,40,195793,42883,152910,0.21902213051539127,21.90221305153913,SM_NQ-30-minutes_40cm.csv
MS3513,40cm,40,195793,158782,37011,0.8109687271761503,81.09687271761503,SM_NQ-30-minutes_40cm.csv
MS3518,40cm,40,195793,980,194813,0.005005286195114228,0.5005286195114228,SM_NQ-30-minutes_40cm.csv
MS3523,40cm,40,195793,986,194807,0.00503593080447207,0.503593080447207,SM_NQ-30-minutes_40cm.csv
MS3527,40cm,40,195793,87541,108252,0.4471099579658108,44.71099579658108,SM_NQ-30-minutes_40cm.csv
MS3533,40cm,40,195793,18266,177527,0.09329240575505764,9.329240575505764,SM_NQ-30-minutes_40cm.csv
MS3545,40cm,40,195793,119217,76576,0.6088930656356458,60.88930656356458,SM_NQ-30-minutes_40cm.csv
MS3552,40cm,40,195793,75472,120321,0.3854683262425112,38.546832624251124,SM_NQ-30-minutes_40cm.csv
MS3559,40cm,40,195793,70400,125393,0.3595634164653486,35.95634164653486,SM_NQ-30-minutes_40cm.csv
MS3576,40cm,40,195793,18528,177265,0.09463055369701674,9.463055369701674,SM_NQ-30-minutes_40cm.csv
MS3593,40cm,40,195793,109549,86244,0.5595143850903761,55.95143850903761,SM_NQ-30-minutes_40cm.csv
MS3603,40cm,40,195793,26729,169064,0.1365166272542941,13.651662725429409,SM_NQ-30-minutes_40cm.csv
MS3614,40cm,40,195793,13002,182791,0.06640686847844407,6.640686847844407,SM_NQ-30-minutes_40cm.csv
MS3620,40cm,40,195793,101869,93924,0.5202892851123381,52.02892851123381,SM_NQ-30-minutes_40cm.csv
MS3627,40cm,40,195793,957,194836,0.004887815192575832,0.48878151925758323,SM_NQ-30-minutes_40cm.csv
MS3633,40cm,40,195793,42730,153063,0.21824069297676627,21.824069297676626,SM_NQ-30-minutes_40cm.csv
MSBJ,40cm,40,195793,14020,181773,0.0716062371994913,7.16062371994913,SM_NQ-30-minutes_40cm.csv
MSNQRW,40cm,40,195793,195793,0,1.0,100.0,SM_NQ-30-minutes_40cm.csv
P1,40cm,40,195793,151619,44174,0.7743841710377797,77.43841710377797,SM_NQ-30-minutes_40cm.csv
P10,40cm,40,195793,139899,55894,0.7145250340921279,71.45250340921278,SM_NQ-30-minutes_40cm.csv
P11,40cm,40,195793,52644,143149,0.2688758025057076,26.887580250570757,SM_NQ-30-minutes_40cm.csv
P2,40cm,40,195793,26981,168812,0.13780370084732346,13.780370084732347,SM_NQ-30-minutes_40cm.csv
P3,40cm,40,195793,142678,53115,0.7287185956597019,72.87185956597018,SM_NQ-30-minutes_40cm.csv
P5,40cm,40,195793,104933,90860,0.5359384656244095,53.59384656244095,SM_NQ-30-minutes_40cm.csv
P7,40cm,40,195793,114019,81774,0.5823446190619685,58.234461906196856,SM_NQ-30-minutes_40cm.csv
P8,40cm,40,195793,157215,38578,0.8029653766988605,80.29653766988605,SM_NQ-30-minutes_40cm.csv
P9,40cm,40,195793,173772,22021,0.8875291762218261,88.75291762218261,SM_NQ-30-minutes_40cm.csv
